<?xml version="1.0" encoding="UTF-8"?>
<project-private xmlns="http://www.netbeans.org/ns/project-private/1">
    <editor-bookmarks xmlns="http://www.netbeans.org/ns/editor-bookmarks/2" lastBookmarkId="0"/>
    <open-files xmlns="http://www.netbeans.org/ns/projectui-open-files/2">
        <group>
            <file>file:/C:/Users/User/OneDrive/Documents/NetBeansProjects/GUIAssg/src/java/controller/priceFilter.java</file>
            <file>file:/C:/Users/User/OneDrive/Documents/NetBeansProjects/GUIAssg/web/ViewProduct.jsp</file>
            <file>file:/C:/Users/User/OneDrive/Documents/NetBeansProjects/GUIAssg/src/conf/persistence.xml</file>
            <file>file:/C:/Users/User/OneDrive/Documents/NetBeansProjects/GUIAssg/web/filteredSearch.jsp</file>
            <file>file:/C:/Users/User/OneDrive/Documents/NetBeansProjects/GUIAssg/src/java/controller/retrieveProduct.java</file>
            <file>file:/C:/Users/User/OneDrive/Documents/NetBeansProjects/GUIAssg/web/Cart.jsp</file>
            <file>file:/C:/Users/User/OneDrive/Documents/NetBeansProjects/GUIAssg/src/java/controller/CartServlet.java</file>
        </group>
    </open-files>
</project-private>
